Chuboe_Offer_ID[Value],Chuboe_MPN,Chuboe_MFR_ID[Value],Chuboe_MFR_Text,Qty,Chuboe_Lead_Time,Chuboe_Package_Desc,C_Country_ID[Name],Chuboe_Date_Code,C_Currency_ID[ISO_Code],Description,IsActive,Chuboe_MPN_Clean,Chuboe_CPC,PriceEntered,Chuboe_MOQ,Chuboe_SPQ
,0023-57074,,Factored Manufacturer,100.000,,US2602160000006;QC INSPECT,,,,STANDARD DOVE NUT IGS T2R2/ T3,,,,18.20000,,
,0060-05798,,Not Known Yet,10.000,,US2412170000007;G02D02,,,,"LABELS, CH B WRAP AROUND LARGE",,,,0.00000,,
,0060-05803,,Not Known Yet,10.000,,US2412170000009;G02D02,,,,"LABELS CH A WRAP AROUND MEDIUM, 300MM PR",,,,0.00000,,
,0060-05805,,Not Known Yet,10.000,,US2412170000010;G02D02,,,,"LABELS CH C WRAP AROUND MEDIUM, 300MM PR",,,,0.00000,,
,00-8380-010-000-010,,KYOCERA AVX,27.000,,US2509110000005;G03E03,,,,SHR HD LP 2X5PIN WIDTH 8.6MM RM2.54,,,,2.93118,,
,02-7036-0,,Cosmo,28.000,,US2602090000020;QC INSPECT,,,,Bobbin,,,,14.80000,,
,02-7036-0 - SET UP FEE,,Charge,1.000,,US2602090000021;QC INSPECT,,,,set up fee,,,,450.00000,,
,10147605-00008LF,,Amphenol Corp,554.000,,US2412200000009;F04C01,,,,"CONN, HEADER, 8POS, 1ROW, 1MM",,,,0.00000,,
,1103P0701,,ITT Technologies Ltd,5.000,,US2512010000023;SLS02,,,,PRESSURE SWITCH,,,,5298.00000,,
,11HM1,,Honeywell International,20.000,,US2509170000022;Q2,,,,Switch Snap Action N.O./N.C. SPDT Roller,,,,240.00000,,
,12101C475KAT2A,,AVX Corporation,21950.000,,US2512180000035;QC INSPECT,,,,"CAPACITOR CERAMIC, X7R, 4.7",,,,0.20928,,
,12101C475KAT2A,,AVX Corporation,25.000,,US2602030000007;LSQ,,,,"CAPACITOR CERAMIC, X7R, 4.7",,,,0.98500,,
,12101C475KAT2A,,AVX Corporation,25.000,,US2602030000011;LSQ,,,,"CAPACITOR CERAMIC, X7R, 4.7",,,,0.98500,,
,1430-16-19T-0,,Allied Wire,35.500,,US2507100000007;QC INSPECT,,,,1430-16-19T-0,,,,0.40000,,
,1430-16-19T-0,,Allied Wire,100.000,,US2507160000021;F08A01,,,,1430-16-19T-0,,,,0.36300,,
,1430-16-19T-0,,Allied Wire,200.000,,US2507170000020;F08A01,,,,1430-16-19T-0,,,,25.99000,,
,1430-16-19T-5,,Allied Wire,200.000,,US2507170000021;F08A01,,,,1430-16-19T-5,,,,25.99000,,
,1430-16-19T-5,,Allied Wire,100.000,,US2507160000022;F08A01,,,,1430-16-19T-5,,,,0.36300,,
,1430-16-19T-5,,Allied Wire,35.500,,US2507100000006;QC INSPECT,,,,1430-16-19T-5,,,,0.40000,,
,1430-16-19T-9,,Allied Wire,158.000,,US2507170000026;F08A01,,,,1430-16-19T-9,,,,25.99000,,
,15-6FT1-300S,,"NORTH CENTRAL ENGINEERING, INC.",92.000,,US2502130000014;DSQR1,,,,RYLB-2480 FILTER,,,,20.50000,,
,15-8FT1-300S,,"NORTH CENTRAL ENGINEERING, INC.",92.000,,US2502100000017;DSQR1,,,,RYLB-2481 FILTER,,,,20.50000,,
,1IC03419121401,,Chogori,3997.000,,US2601280000021;ATX51L,,,,V2 Camera Accessory Cable 3' - Overmolde,,,,12.91000,,
,204-00097,,TID,2.000,,US2506100000006;ATX41L,,,,204-00097,,,,25.88000,,
,204-00097,,TID,1.000,,US2511210000025;F06D01,,,,204-00097,,,,80.00000,,
,204-00146,,Send Cut Send,50.000,,US2504250000026;LSQ,,,,204-00146,,,,0.00000,,
,204-00146,,Send Cut Send,50.000,,US2504250000021;LSQ,,,,204-00146,,,,0.00000,,
,204-00148,,Send Cut Send,50.000,,US2504250000022;LSQ,,,,204-00148,,,,0.00000,,
,209-00047,,TID,3.000,,US2508190000017;Q5,,,,209-00047,,,,24.75000,,
,216-203,,Wago,3000.000,,US2507280000020;QC INSPECT,,,,TERM FERRULE 1.0MM RED AWG18,,,,0.09190,,
,21813,,Astute Assembled,5.000,,US2507100000016;G03A03,,,,21813,,,,1.33000,,
,221-2401,,Wago,50.000,,US2507080000011;F08D01,,,,221-2401,,,,0.38000,,
,221-2401,,Wago,50.000,,US2506250000010;OSQ,,,,221-2401,,,,0.54100,,
,22304211-01,,Chogori,30.000,,US2508120000017;G03E03,,,,Electrical connector,,,,0.00000,,
,25-4764-0-417-08,,Cosmo,78.000,,US2505270000024;DSQR2,,,,"BOBBIN,P.C.",,,,44.00000,,
,2744044447,,Fair-Rite,9000.000,,US2512110000019;STOCK,,,,"INDUCTOR, SUPPRESSION BEAD,",,,,0.18940,,
,2-87631-1,,TE Connectivity,11.000,,US2601290000036;DSQR,,,,"CONNECTOR,ELEC,PLUG",,,,2.84700,,
,315610050210871+,,KYOCERA AVX,620.000,,US2601190000030;QC Inspect,,,,"LTB, CONN,CF MEM CARD,TYPE 1",,,,20.00000,,
,34ASP41B4V2GT,,Grayhill,200.000,,US2601190000020;RMA,,,,Switch,,,,4.84000,,
,352C04,,PCB Piezotronics,7.000,,US2512010000025;QC INSPECT,,,,Accelerometer,,,,418.00000,,
,3690-12848,,Factored Manufacturer,165.000,,US2506130000017;F03F04,,,,"SCR, SKT HD SHLDR, 6-32 THD, 3/8LG",,,,1.75000,,
,3690-16495,,Generic,686.000,,US2505060000023;RMA,,,,"SHOULDER SCREW, 3/16"" SHOULDER 3/16",,,,1.08310,,
,45MQ15B,,ECO Frequency Technology,4000.000,,US2508150000007;SLS06,,,,"FLTR,XTAL,45MHz",,,,2.25000,,
,5103310-1,,Tyco,11.000,,US2512080000046;DSQR,,,,"CONNECTOR-PRINTED CIRCUIT, CONNECTOR-PRI",,,,0.91720,,
,51-729-312,,Spectrum Control Ltd,374.000,,US2512290000030;SLS06,,,,"FILTER, RESIN SEAL",,,,7.77000,,
,51-729-312,,Spectrum Control Ltd,126.000,,US2602090000019;SLS06,,,,"FILTER, RESIN SEAL",,,,7.77000,,
,52871104,,Factored Manufacturer,1641.000,,US2602200000026;QC INSPECT,,,,"RIBBON CABLE, AWG28, 1.27MM",,,,0.05938,,
,52871106,,Factored Manufacturer,500.000,,US2602200000027;QC INSPECT,,,,"RIBBON CABLE, AWG28, 1.27MM",,,,0.27413,,
,52871116,,Factored Manufacturer,100.000,,US2602200000025;QC INSPECT,,,,"RIBBON CABLE, AWG28, 1.27MM",,,,0.63023,,
,532824-1,,TE Connectivity,50.000,,US2601190000155;QC INSPECT,,,,Contact PIN Solder ST Thru-Hole Carton,,,,10.55000,,
,53-710150-000,,Factored Manufacturer,2.000,,US2602160000015;QC INSPECT,,,,"FLOWPOINT VALVE, EPI",,,,3850.00000,,
,541201 BK001,,Alpha Wire,1.000,,US2508260000017;QC INSPECT,,,,541201 BK001,,,,541.63000,,
,541201 BK002,,Alpha Wire,1.000,,US2508080000009;LSQ,,,,12 AWG Hook-Up Wire Solid Black 600V 500,,,,257.59000,,
,541201 BK002,,Alpha Wire,1.000,,US2508140000014;QC INSPECT,,,,12 AWG Hook-Up Wire Solid Black 600V 500,,,,266.85000,,
,541201 BK005,,Alpha Wire,5.000,,US2508210000019;LSQ,,,,541201 BK005,,,,65.43400,,
,541201 GR005,,Alpha Wire,1.000,,US2506120000017;F06A01,,,,541201 GR005,,,,73.43000,,
,5-535512-6,,Tyco,12.000,,US2601050000009;DSQR,,,,CONNECTOR-PRINTED,,,,21.04000,,
,5856052,,Ideal Tridon,2.000,,US2505210000014;G03A03,,,,5856052,,,,1.83000,,
,5-87962-9 Service,,Charge,15.000,,US2602200000031;QC INSPECT,,,,Testing for 5-87962-9,,,,70.00000,,
,69-8-2730,,On-Systems Ltd,5.000,,US2507170000004;A02B01,,,,Power Supply - Output: 28V 300W,,,,1950.07990,,
,707-00008,,Not Known Yet,1.000,,US2508140000019;QC INSPECT,,,,PICARD AC PA PHASE 2 BOX,,,,47.75754,,
,71V124SA10PHGI8,,Idt,5.000,,US2402260000011;G06B02,,,,IC SRAM 1MBIT PARALLEL 32TSOP II,,,,0.00000,,
,7443551130,,Wurth Elektronik GmBH & Co KG,400.000,,US2408290000027;LAMBLK.12.12,,2022-06-28,,"IDCTR,SMD,WW,H CUR,1.3UH,�20%,25A,59MHZ",,,,0.00000,,
,74457068,,Wurth Elektronik GmBH & Co KG,140.000,,US2601220000016;DSQR,,,,"INDUCTOR, 6.8UH, 20%, SMD",,,,1.94100,,
,7447480102,,Wurth Elektronik GmBH & Co KG,100.000,,US2408290000030;LAMBLK.12.10,,2217,,"IDCTR,WOUND,RDL,1MH,800MA,1.15 OHM,THT",,,,0.00000,,
,74HCT4851PW/S400,,Nexperia,2500.000,,US2511070000002;F05D01,,,,.,,,,11.66000,,
,75145K32,,Mcmaster-Carr,4.000,,US2509180000044;QC INSPECT,,,,75145K32,,,,3.77000,,
,7566K103,,Mcmaster-Carr,80.000,,US2512100000009;SLS05,,,,"CABLE TIE MOUNT,0.20"" X 0.06"" TIE, #4",,,,0.00000,,
,76624-101,,Amphenol Connex,190.000,,US2512010000004;MRR,,,,RECEPTACLE 22-26AWG,,,,0.60000,,
,768230344,,Molex LLC,10.000,,US2507080000020;F08A01,,,,768230344,,,,0.16421,,
,77043022A,,Texas Instruments,13.000,,US2602180000019;QC INSPECT,,,,"MICROCIRCUIT, LINEAR, QUAD OPERATIONAL A",,,,79.95000,,
,779011-01,,National Instruments,2.000,,US2602050000028;QC INSPECT,,,,ANALOG INPUT MODULE 4CH +/-10V 100 KS/S,,,,768.09000,,
,779011-01,,National Instruments,2.000,,US2602050000029;QC INSPECT,,,,ANALOG INPUT MODULE 4CH +/-10V 100 KS/S,,,,767.15000,,
,779011-01,,National Instruments,6.000,,US2602090000037;QC INSPECT,,,,ANALOG INPUT MODULE 4CH +/-10V 100 KS/S,,,,767.15000,,
,779011-01,,National Instruments,3.000,,US2602100000007;QC INSPECT,,,,ANALOG INPUT MODULE 4CH +/-10V 100 KS/S,,,,758.09000,,
,779011-01,,National Instruments,16.000,,US2602100000008;MRR,,,,ANALOG INPUT MODULE 4CH +/-10V 100 KS/S,,,,767.15000,,
,779011-01,,National Instruments,6.000,,US2602120000028;QC INSPECT,,,,ANALOG INPUT MODULE 4CH +/-10V 100 KS/S,,,,767.15000,,
,779011-01,,National Instruments,1.000,,US2602190000045;QC INSPECT,,,,ANALOG INPUT MODULE 4CH +/-10V 100 KS/S,,,,776.99000,,
,86177-4,,TE Connectivity,11.000,,US2509150000026;DSQR2,,,,"CONNECTOR,PLUG,ELECTRICAL",,,,7.00000,,
,87077-2,,TE Connectivity,44.000,,US2601290000035;DSQR,,,,"KEY,CONNECTOR,ELEC",,,,0.44520,,
,90373A114,,Mcmaster-Carr,4.000,,US2512100000014;F04C02,,,,"SCR CAP HEX HD M10 X 35 MM L,",,,,0.00000,,
,90373A114,,Mcmaster-Carr,20.000,,US2602160000005;QC INSPECT,,,,"SCR CAP HEX HD M10 X 35 MM L,",,,,1.29300,,
,92000A116,,Mcmaster-Carr,70.000,,us2506230000039;OSQ,,,,92000A116,,,,0.07030,,
,92000A116,,Mcmaster-Carr,100.000,,US2506240000023;OSQ,,,,92000A116,,,,0.07030,,
,92000A116,,Mcmaster-Carr,30.000,,US2507170000006;F08A01,,,,92000A116,,,,7.03000,,
,92147A009,,Mcmaster-Carr,980.000,,US2512100000022;F04C02,,,,"SPLIT LOCK WASHER,",,,,0.00000,,
,92147A009,,Mcmaster-Carr,4.000,,US2512100000021;SLS05,,,,"SPLIT LOCK WASHER,",,,,0.94000,,
,92148A150,,Mcmaster-Carr,70.000,,US2506230000044;OSQ,,,,92148A150,,,,0.01920,,
,92148A150,,Mcmaster-Carr,100.000,,US2506250000002;QC INSPECT,,,,92148A150,,,,0.01920,,
,92148A150,,Mcmaster-Carr,30.000,,US2507170000010;F08A01,,,,92148A150,,,,1.92000,,
,92185A592,,Mcmaster-Carr,12.000,,US2512100000017;SLS05,,,,SCR CAP HD HEX SKT 5/16-18 X,,,,1.35000,,
,92196A246,,Mcmaster-Carr,24.000,,US2512100000016;F04C02,,,,"SOCKET HEAD SCREW, 10-24, .875 L,",,,,0.00000,,
,93625A100,,Mcmaster-Carr,70.000,,US2506230000043;OSQ,,,,93625A100,,,,0.06940,,
,93625A100,,Mcmaster-Carr,30.000,,US2507170000009;OSQ,,,,93625A100,,,,6.94000,,
,93625A100,,Mcmaster-Carr,100.000,,US2509180000045;QC INSPECT,,,,93625A100,,,,0.06940,,
,971080354,,Wurth,102.000,,US2507090000012;F08A01,,,,971080354,,,,0.39510,,
,971080471,,WURTH ELEKTRONIK,671.000,,US2507240000005;QC INSPECT,,,,HEX STANDOFF M4X0.7 STEEL 8MM,,,,0.34500,,
,98689A112,,Mcmaster-Carr,28.000,,US2601210000006;LSQ,,,,WASHER-D3.2-A2,,,,0.00000,,
,A2A5328-22G5MBAS,,Basler,8.000,,US2602180000021;SLS03,,,,"Camera, alignment",,,,2850.32000,,
,A54SX32A-3FG484I,,Microchip Technology Inc,341.000,,US2601140000021;q14,,,,"IC, FPGA, A54SX32",,,,75.00000,,
,AA104-73LF,,Skyworks,3000.000,,US2602130000002;STOCK,,,,EOL IC ATTENUATOR DIGITAL 32DB 2.5GHZ PB,,,,5.94589,,
,ACE23450001,,Not Known Yet,12.000,,US2601150000029;DSQR1,,,,"CABLE ASSY, ELECTRICAL INTERFACE, ELECTR",,,,0.00000,,
,ALM-31222-TR1G,,Avago Technologies,23.000,,US2602180000018;QC INSPECT,,,,IC AMP GSM 1.7GHZ-2.7GHZ 22MCOB,,,,62.00000,,
,AM26LV32CDRG4,,Texas Instruments,2500.000,,US2602030000038;QC INSPECT,,,,IC XCVR 2000 SOIC16,,,,0.79100,,
,AS186-302LF,,"Skyworks Solutions, Inc.",49.000,,US2512020000017;MRR,,,,RF Switch ICs DC-6GHz IL,,,,5.89000,,
,B07ZK56C7B,,Factored Manufacturer,540.000,,US2601290000052;0068,,,,LOCKPORT 4 INCH BLACK GAFFERS TAPE - 30,,,,0.23690,,
,B32021A3472K000,,Epcos,1007.000,,US2502190000041;F04C01,,,,CAP FILM Y2 4700pF �20% 300V,,,,0.00000,,
,BAS321-Q,,Nexperia,27000.000,,US2511050000023;F05D04,,,,DIODE STANDARD 200V 250MA SOD323,,,,2.00000,,
,BAS32L,,Nexperia,99998.000,,US2601220000013;F07D01,,,,SOD-80: Bas32L 75V 200mA,,,,0.04900,,
,BAS32L,,Nexperia,67497.000,,US2602090000028;F07D01,,,,SOD-80: Bas32L 75V 200mA,,,,0.01000,,
,BAT54WS-7-F,,Diodes Inc,33.000,,US2512080000044;DSQR,,,,Rectifier Diode Schottky 30V 0.2A 5ns 2-,,,,0.06400,,
,BAT54WS-7-F,,Diodes Inc,55.000,,US2601290000027;DSQR3,,,,Rectifier Diode Schottky 30V 0.2A 5ns 2-,,,,0.06400,,
,"BAV70,215",,Nexperia,450000.000,,US2511060000018;F05F01,,,,DIODE ARR GP 100V 215MA TO-236AB,,,,0.01200,,
,BB-406020-B,,Astute Assembled,2295.000,,US2505140000008;ATX41R,,,,BB-406020-B,,,,0.07273,,
,BC807-25-QR,,Nexperia,369000.000,,US2510290000006;F05C02,,,,TRANS PNP 45V 0.5A TO-236AB,,,,0.29000,,
,"BC807-40,215",,Nexperia,150000.000,,US2510290000004;F05B01,,,,Bc807-40/Sot23/To-236Ab |Nexperia BC807-,,,,0.04000,,
,BC817-40-Q,,Nexperia,20000.000,,US2510270000026;SLS04,,,,TRANS NPN 45V 0.8A SOT23-3,,,,0.78000,,
,BQ34Z100PWR-G1,,Texas Instruments,10000.000,,US2507280000008;A03B01,,,,IC BATT MON MULTI-CHEM 14TSSOP,,,,0.90300,,
,"BSS138p,215",,Nexperia,9000.000,,US2510300000007;Q11,,,,N-CHANNEL ENHANCEMENT FET,,,,0.14000,,
,BUK7M9R9-60EX,,Nexperia,400.000,,US2512290000019;QC INSPECT,,,,MOSFET N-CH 60V MLFPAK,,,,0.00000,,
,BUK7M9R9-60EX,,Nexperia,1095.000,,US2512290000018;QC INSPECT,,,,MOSFET N-CH 60V MLFPAK,,,,1.36370,,
,"BUK9Y29-40E,115",,Nexperia,24000.000,,US2511060000015;F05C02,,,,MOSFET N-CH 40V 25A LFPAK56,,,,11.43000,,
,"BUK9Y29-40E,115",,Nexperia,4500.000,,US2511060000016;F05C02,,,,MOSFET N-CH 40V 25A LFPAK56,,,,11.12000,,
,BZX384-C15-Q,,Nexperia,78000.000,,US2511060000025;F05D04,,,,DIODE ZENER 14.7V 300MW,,,,0.23200,,
,BZX585-C5V1,,Nexperia,90000.000,,US2511030000057;F05E04,,,,DIODE ZENER 5.1V 300MW,,,,0.14500,,
,BZX585-C5V1,,Nexperia,51000.000,,US2511030000058;F05E04,,,,DIODE ZENER 5.1V 300MW,,,,0.51000,,
,BZX585-C5V1,,Nexperia,9000.000,,US2511030000059;F05E04,,,,DIODE ZENER 5.1V 300MW,,,,0.51000,,
,"BZX585-C5V1,115",,Nexperia,33000.000,,US2510270000025;F05B01,,,,DIODE ZENER 5.1V 300MW SOD523,,,,0.20000,,
,BZX84C18LT1G,,On Semiconductor,27000.000,,US2510240000016;SLS04,,,,DIODE ZENER 18V 250MW SOT23-3,,,,0.01347,,
,BZX84C18LT1G,,On Semiconductor,201000.000,,US2511060000026;F05D03,,,,DIODE ZENER 18V 250MW SOT23-3,,,,0.00930,,
,BZX84C18LT1G,,On Semiconductor,81000.000,,US2511100000045;F05C02,,,,DIODE ZENER 18V 250MW SOT23-3,,,,0.01000,,
,C3225X7R1E475K200AA,,TDK Corp,2000.000,,US2508250000041;DSQR1,,,,"CAPACITOR CERAMIC, X7R, 4.7",,,,0.10254,,
,CAB-ETH-X-M05,,Datalogic,12.000,,US2602050000026;SLS03,,,,"DATALOGIC CABLE 93A050124, ETHERNET, PVC",,,,144.93070,,
,CB3LV-3I-40M0000,,CTS Corp,1000.000,,US2506030000023;DSQR1,,,,"OSCILLATOR MODULE, SMD, 40MHz",,,,0.89200,,
,CD8067303405900S R3B3,,Intel Corp,8.000,,US2601230000028;MRR,,,,"PROCESSOR,XEON,6126,64bit,4nm,2.6GH",,,,45.00000,,
,CF3111-002,,American Beryllia Inc,1000.000,,US2601020000016;SLS06,,,,Beryllium Oxide Ceramic,,,,1.32000,,
,CF3111-002,,American Beryllia Inc,1500.000,,US2601020000017;SLS06,,,,Beryllium Oxide Ceramic,,,,1.32000,,
,CGB2A1X5R1E105K033BC,,TDK Corp,20000.000,,US2506030000024;QC INSPECT,,,,Fixed Resistor Metal Glaze/thi,,,,0.03910,,
,CM3440Z171R10,,Laird Technologies Inc,33000.000,,US2508150000020;ATX61L,,,,Common Mode Choke 8.5x10mm SMD,,,,0.27825,,
,CRA12E1603-330J,,Vishay Intertechnology Inc,5992.000,,US2510230000020;QC INSPECT,,,,"RESISTOR PACK, 33 OHM",,,,0.35000,,
,CRCW04021K00FKED,,Vishay Dale,170000.000,,US2601120000052;DSQR,,,,"RESISTOR, SMT, THICK FILM, 1.0 K OHM, 0.",,,,0.00110,,
,CRCW04022K00FKED,,Vishay Dale,2380.000,,US2508250000028;DSQR1,,,,0402 2K0 OHMS1%100PPM0.063,,,,0.01126,,
,CRCW040233R2FKED,,Vishay Intertechnology Inc,110000.000,,US2512150000020;DSQR,,,,"RESISTOR, SMT, THICK FILM, 33.2",,,,0.00220,,
,CRCW040249R9FKED,,Vishay,50000.000,,US2512150000021;DSQR,,,,"Res,49.9 Ohm,1/16w,1%,0402",,,,0.00110,,
,CRCW040249R9FKED,,Vishay,120000.000,,US2511210000033;DSQR,,,,"Res,49.9 Ohm,1/16w,1%,0402",,,,0.00110,,
,CRCW2512470RJNEG,,Vishay Dale,50000.000,,US2503040000010;RMA,,,,RES SMD 470 OHM 5% 1W 2512,,,,0.03370,,
,CY7B9950AXC,,Cypress Semiconductor Corp,132.000,,US2602020000085;QC INSPECT,,,,"IC CLOCK DRIVER/SYNCHRONIZER, SURFACE MO",,,,8.00000,,
,CY7B9950AXC,,Cypress Semiconductor Corp,2530.000,,US2602030000014;F07F01,,,,"IC CLOCK DRIVER/SYNCHRONIZER, SURFACE MO",,,,13.50000,,
,CY7B9950AXC,,Cypress Semiconductor Corp,3764.000,,US2602170000022;QC INSPECT,,,,"IC CLOCK DRIVER/SYNCHRONIZER, SURFACE MO",,,,22.00000,,
,CY7B9950AXCT,,Cypress Semiconductor Corp,202.000,,US2602120000003;QC INSPECT,,,,"IC CLOCK DRIVER/SYNCHRONIZER, SURFACE MO",,,,12.00000,,
,CY7B9950AXIT,,Cypress Semiconductor Corp,2606.000,,US2508080000012;DSQR,,,,IC CLK BUFF 32TQFP,,,,12.00000,,
,DCR1-AM,,"Sierra Safety Technology, Inc.",3.000,,US2601190000146;SLS03,,,,DET FLAME UV/IR 24VDC W/2LED,,,,1780.00000,,
,DCR1-AM,,"Sierra Safety Technology, Inc.",1.000,,US2601160000009;SLS03,,,,DET FLAME UV/IR 24VDC W/2LED,,,,1780.00000,,
,DCR1-AM,,"Sierra Safety Technology, Inc.",3.000,,US2601160000003;SLS01,,,,DET FLAME UV/IR 24VDC W/2LED,,,,1780.00000,,
,DCR1-AM,,"Sierra Safety Technology, Inc.",1.000,,US2512170000024;SLS05,,,,DET FLAME UV/IR 24VDC W/2LED,,,,1780.00000,,
,DCR1-AM,,"Sierra Safety Technology, Inc.",2.000,,US2512170000023;SLS05,,,,DET FLAME UV/IR 24VDC W/2LED,,,,1780.00000,,
,DCR1-AM,,"Sierra Safety Technology, Inc.",4.000,,US2512170000022;SLS05,,,,DET FLAME UV/IR 24VDC W/2LED,,,,1780.00000,,
,DCR1-AM,,"Sierra Safety Technology, Inc.",2.000,,US2512170000020;SLS05,,,,DET FLAME UV/IR 24VDC W/2LED,,,,1780.00000,,
,DCR1-AM,,"Sierra Safety Technology, Inc.",5.000,,US2512170000018;SLS05,,,,DET FLAME UV/IR 24VDC W/2LED,,,,1780.00000,,
,DCR1-AM,,"Sierra Safety Technology, Inc.",5.000,,US2512170000017;SLS05,,,,DET FLAME UV/IR 24VDC W/2LED,,,,1780.00000,,
,DCR1-AM,,"Sierra Safety Technology, Inc.",7.000,,US2512170000015;SLS05,,,,DET FLAME UV/IR 24VDC W/2LED,,,,1780.00000,,
,DCR1-AM,,"Sierra Safety Technology, Inc.",6.000,,US2509180000042;SLS04,,,,DET FLAME UV/IR 24VDC W/2LED,,,,1780.00000,,
,DCR1-AM,,"Sierra Safety Technology, Inc.",4.000,,US2512170000021;SLS05,,,,DET FLAME UV/IR 24VDC W/2LED,,,,1780.00000,,
,DF2166VTE33WV,,RENESAS TECHNOLOGY EUROPE,48.000,,US2512010000006;MRR,,,,MCU 3V 512K PB-FREE 144-TQFP,,,,65.00000,,
,DJI 240W POWER ADAPTER,,Dji,1.000,,US2601190000027;ATX41L,,,,DJI 240W POWER ADAPTER,,,,163.40000,,
,DJI 240W POWER ADAPTER,,Dji,45.000,,US2602120000007;ATX71L,,,,DJI 240W POWER ADAPTER,,,,163.40000,,
,DJI DOCK 3,,Dji,10.000,,US2512040000009;STOCK,,,,DJI DOCK 3,,,,15095.50000,,
,DJI DOCK 3,,Dji,20.000,,US25110300045-1;STOCK,,,,DJI DOCK 3,,,,0.00000,,
,DJI DOCK 3,,Dji,6.000,,US2509100000011;STOCK,,,,DJI DOCK 3,,,,15095.50000,,
,DJI DOCK 3,,Dji,18.000,,US2601020000025;STOCK,,,,DJI DOCK 3,,,,15095.50000,,
,DJI DOCK 3,,Dji,4.000,,US2508260000025;STOCK,,,,DJI DOCK 3,,,,15095.50000,,
,DJI DOCK 3,,Dji,5.000,,US25081400010-1;STOCK,,,,DJI DOCK 3,,,,0.00000,,
,DJI DOCK 3,,Dji,20.000,,US2508140000010;STOCK,,,,DJI DOCK 3,,,,15095.50000,,
,DJI DOCK 3,,Dji,12.000,,US2509100000010;STOCK,,,,DJI DOCK 3,,,,15095.50000,,
,DJI DOCK 3,,Dji,7.000,,US2601020000026;STOCK,,,,DJI DOCK 3,,,,15095.50000,,
,DJI MATRICE 4D SERIES 240W CHA,,Dji,32.000,,US25103000016-1;ATX71L,,,,DJI MATRICE 4D SERIES 240W CHARGING HUB,,,,0.00000,,
,DJI MATRICE 4D SERIES 240W CHA,,Dji,8.000,,US2510300000016;ATX71L,,,,DJI MATRICE 4D SERIES 240W CHARGING HUB,,,,217.55000,,
,DJI MATRICE 4D SERIES BATTERY,,Dji,192.000,,US25120400011-1;ATX61R,,,,DJI MATRICE 4D SERIES BATTERY,,,,0.00000,,
,DJI MATRICE 4D SERIES BATTERY,,Dji,50.000,,US2512040000012;ATX61R,,,,DJI MATRICE 4D SERIES BATTERY,,,,399.00000,,
,DJI MATRICE 4D SERIES BATTERY,,Dji,168.000,,US2512040000011;ATX61R,,,,DJI MATRICE 4D SERIES BATTERY,,,,399.00000,,
,DJI MATRICE 4D SERIES BATTERY,,Dji,71.000,,US2512040000010;ATX61R,,,,DJI MATRICE 4D SERIES BATTERY,,,,399.00000,,
,DJI MATRICE 4D SERIES BATTERY,,Dji,27.000,,US2511210000031;ATX71R,,,,DJI MATRICE 4D SERIES BATTERY,,,,399.00000,,
,DJI MATRICE 4D SERIES BATTERY,,Dji,210.000,,US25102800027-1;ATX71R,,,,DJI MATRICE 4D SERIES BATTERY,,,,0.00000,,
,DJI MATRICE 4D SERIES BATTERY,,Dji,13.000,,US2511240000035;ATX33L,,,,DJI MATRICE 4D SERIES BATTERY,,,,399.00000,,
,DJI MATRICE 4D SERIES BATTERY,,Dji,50.000,,US2510140000008;ATX41R,,,,DJI MATRICE 4D SERIES BATTERY,,,,399.00000,,
,DJI MATRICE 4D SERIES BATTERY,,Dji,94.000,,US2510130000017;ATX41L,,,,DJI MATRICE 4D SERIES BATTERY,,,,399.00000,,
,DJI MATRICE 4D SERIES BATTERY,,Dji,35.000,,US2509300000042;ATX71R,,,,DJI MATRICE 4D SERIES BATTERY,,,,399.00000,,
,DJI MATRICE 4D SERIES BATTERY,,Dji,88.000,,US2509180000047;ATX41L,,,,DJI MATRICE 4D SERIES BATTERY,,,,399.00000,,
,DJI MATRICE 4D SERIES BATTERY,,Dji,2.000,,US2508260022-02;ATX41L,,,,DJI MATRICE 4D SERIES BATTERY,,,,399.00000,,
,DJI MATRICE 4D SERIES BATTERY,,Dji,90.000,,US2510280000027;ATX71R,,,,DJI MATRICE 4D SERIES BATTERY,,,,399.00000,,
,DJI MATRICE 4TD,,Dji,5.000,,US25082100018-1;STOCK,,,,DJI MATRICE 4TD,,,,0.00000,,
,DJI MATRICE 4TD,,Dji,10.000,,US25110300046-1;STOCK,,,,DJI MATRICE 4TD,,,,0.00000,,
,DJI MATRICE 4TD,,Dji,45.000,,US2601020000027;SLS07,,,,DJI MATRICE 4TD,,,,6346.00000,,
,DVFL2805SFUL/ES,,VPT Inc,5.000,,US2511240000027;DSQR,,,,"POWER SUPPLY, 5 VOLT SINGLE, 20 AMP",,,,1385.63000,,
,E16-16TFN-1,,Entegris Inc,36.000,,US2602180000027;QC INSPECT,,,,"FTG TBG UNION ELBOW 1""T FLARE PFA",,,,92.95000,,
,E4445A Service,,Charge,1.000,,US2509040000017;QC INSPECT,,,,Testing/service of part E4445A,,,,250.00000,,
,ECS-.327-12.5-13X,,Ecs Inc,8.000,,US2404300000023;QC INSPECT,,,,Crystal Oscillator,,,,0.00000,,
,EP2S30F484I4N,,Altera,41.000,,US2602020000088;QC INSPECT,,,,"Field Programmable Gate Array, 1694 CLB",,,,65.30000,,
,EPM7128AETC100-7N,,Altera,190.000,,US2512010000005;Q15,,,,IC CPLD 128MC 7.5NS 100TQFP,,,,23.00000,,
,EXPEDITE FEE,,Charge,1.000,,US2510170000009;STOCK,,,,EXPEDITE FEE,,,,450.00000,,
,EXPEDITE FEE,,Charge,1.000,,US2602030000036;STOCK,,,,EXPEDITE FEE,,,,25.00000,,
,F262KDH-01C,,Johnson Controls,1.000,,US2602170000017;QC INSPECT,,,,F262KDH-01C,,,,202.20000,,
,Fees,,Polycase,1.000,,US2510070000001;QC INSPECT,,,,Fees,,,,10.00000,,
,Fees,,Polycase,1.000,,US2511190000026;QC INSPECT,,,,Fees,,,,93.47000,,
,Fees,,Polycase,1.000,,US2511190000027;QC INSPECT,,,,Fees,,,,142.75000,,
,Fees,,Polycase,1.000,,US2602200000028;QC INSPECT,,,,Fees,,,,148.39129,,
,FH12S-40S-0.5SH(55),,Hirose Electric Co Ltd,2000.000,,US2602050000015;QC INSPECT,,,,CONN FFC BOTTOM 40POS 0.5MM R/A,,,,0.67470,,
,FH12S-40S-0.5SH(55),,Hirose Electric Co Ltd,2000.000,,US2602050000014;QC INSPECT,,,,CONN FFC BOTTOM 40POS 0.5MM R/A,,,,0.67470,,
,G1050,,Hubbell Incorporated,100.000,,US2505220000010;OSQ,,,,Case Carrying Aircrew Equipmen,,,,0.75000,,
,H10F-10G,,Menics,200.000,,US2601090000018;QC INSPECT,,,,10mm LED Indicator,,,,2.70000,,
,H10F-10R,,Menics,40.000,,US2601090000017;QC INSPECT,,,,10mm LED Indicator,,,,2.70000,,
,H10F-10Y,,Menics,40.000,,US2601090000019;QC INSPECT,,,,"LED INDICATOR,PNL MNT,FLAT 24V GREE",,,,2.70000,,
,H10F-24G,,Menics,100.000,,US2601090000021;QC INSPECT,,,,10mm LED Indictator,,,,2.70000,,
,H10F-24R,,Menics,100.000,,US2601090000020;QC INSPECT,,,,"LED INDICATOR,PNL MNT,FLAT 24V RE",,,,2.70000,,
,HC5FW400-S/SP1,,Lem,19.000,,US2508190000016;DSQR,,,,Sensor/Transducer,,,,26.17300,,
,HMAG78EXNRA,,Hynix,253.000,,US2601210000004;QC INSPECT,,,,DDR4 SDRAM 16GB 1.6GHz,,,,175.00000,,
,HMAG78EXNRA,,Hynix,83.000,,US2601230000030;QC INSPECT,,,,DDR4 SDRAM 16GB 1.6GHz,,,,175.00000,,
,HMAG78EXNRA,,Hynix,231.000,,US2601300000026;QC INSPECT,,,,DDR4 SDRAM 16GB 1.6GHz,,,,273.00000,,
,HMAG78EXNRA,,Hynix,2.000,,US2601300000035;QC INSPECT,,,,DDR4 SDRAM 16GB 1.6GHz,,,,175.00000,,
,HMAG84EXNRA,,Hynix,223.000,,US2602050000018;QC INSPECT,,,,DDR4 RDIMM/LRDIMM Memory,,,,385.00000,,
,IDT72V283L7-5BCI,,Renesas Electronics Corp,15.000,,US2508120000018;Q10,,,,"MICROCIRCUIT, 32K X 18 FIFO, 5 NS, PBGA1",,,,218.33333,,
,INA219AIDR,,Texas Instruments,30000.000,,US2511210000015;QC INSPECT,,,,IC CURRENT MONITOR 1% 8SOIC,,,,0.27800,,
,IRF8113TRPBF,,Infineon Technologies,5006.000,,US2601230000023;QC INSPECT,,,,"TRANSISTOR, MOSFET, POWER, REFINISHED",,,,0.18000,,
,IRFE130,,Infineon Technologies,39.000,,US2602050000033;QC INSPECT,,,,"TRANSISTOR, MOSFET, N-CHANNEL, PIND",,,,28.00000,,
,IS43TR16128B-15HBLI,,Issi,202.000,,US2506020000005;Q3,,,,IC 2GB 128MX16 DDR3 SDRAM ISSI,,,,2.00000,,
,IS61C1024AL-12KLI-TR Service,,Charge,32.000,,US2602200000030;QC INSPECT,,,,Testing for IS61C1024AL-12KLI-TR,,,,2.25000,,
,ISO 14581 M6X12,,Min Hwei Enterprise,250.000,,US2503190000045;F04C01,,,,HEXALOBULAR CSK FLAT HEAD SCREW,,,,0.00000,,
,JANTX1N6155A,,Micross,100.000,,US2602110000044;SLS04,,,,TVS DIODE 27.4VWM 49.9VC SQ-MELF,,,,17.07000,,
,JANTX1N6155A,,Micross,50.000,,US2602110000043;SLS04,,,,TVS DIODE 27.4VWM 49.9VC SQ-MELF,,,,17.07000,,
,JM38510/32202BEA,,Fairchild,24.000,,US2506030000025;Q12,,,,"MICROCIRCUIT,DGTL,ML,LSTTL,BFR/DRVR TS",,,,4.50000,,
,JM38510/32202BEA,,Fairchild,15.000,,US2602170000003;Q6,,,,"MICROCIRCUIT,DGTL,ML,LSTTL,BFR/DRVR TS",,,,67.83333,,
,JTXM19500/469-01,,Microsemi Corp,3.000,,LI2501280000006;F04C01,,,,Diode Rectifier Bridge Single 200V 10A 4,,,,0.00000,,
,K4S641632N-LC75,,Samsung,267.000,,US2602120000015;QC INSPECT,,,,"IC, MEMORY, SDRAM, 64MB, 125MHZ, IBMN364",,,,0.85000,,
,KIT-0.5-PVM-4E,,Factored Manufacturer,1.000,,US2512220000022;F04C02,,,,PNEUMATIC ISOLATORS,,,,5175.00000,,
,KPSE02E12-10S,,ITT Cannon,20.000,,US2503250000015;SLS01,,,,"Wall mount receptacle, 10 contacts",,,,18.42000,,
,KPSE02E12-10S,,ITT Cannon,10.000,,US2503250000016;SLS01,,,,"Wall mount receptacle, 10 contacts",,,,18.42000,,
,KPSE02E12-3P,,ITT Cannon,20.000,,US2503270000014;SLS01,,,,"Circular connectors, KPSE, wall mount",,,,23.72000,,
,KPSE02E12-3P,,ITT Cannon,10.000,,US2503270000015;SLS01,,,,"Circular connectors, KPSE, wall mount",,,,23.72000,,
,KPSE06E12-10S,,ITT Cannon,20.000,,US2503250000024;SLS01,,,,"Circular connector, KPSE, Wall mount Rec",,,,35.49000,,
,KPSE06E12-10S,,ITT Cannon,10.000,,US2503250000025;SLS01,,,,"Circular connector, KPSE, Wall mount Rec",,,,37.09300,,
,KPSE06E12-3S,,ITT Cannon,20.000,,US2503270000016;SLS01,,,,Mating of KPSE00F12- 3P(Recp),,,,30.15000,,
,KPSE06E12-3S,,ITT Cannon,10.000,,US2503270000017;SLS01,,,,Mating of KPSE00F12- 3P(Recp),,,,30.15000,,
,LFB159079-000,,Laird Technologies Inc,35.000,,US2602120000013;DSQR3,,,,FERRITE CORE 100 OHM SOLID,,,,1.21520,,
,LFXP6C-4F256I,,Lattice Semiconductor Corp,89.000,,US2506240000024;F04C01,,,,FPGA LATTICEXP FAMILY 6000,,,,0.00000,,
,LIS2DH12TR,,ST Micrelectronics,16000.000,,US2510210000011;SLS06,,,,ACCEL 2-16G I2C/SPI 12LGA,,,,0.35500,,
,LM148FKB,,Texas Instruments,11.000,,US2508280000013;G03E03,,,,Operational Amplifiers (Op Amps),,,,7.69999,,
,LMR-400-75-FR,,Amphenol Corp,400.000,,US2602170000008;QC INSPECT,,,,LMR-400-75-FR,,,,5.12500,,
,LMZ35003RKGR,,Texas Instruments,500.000,,US2602050000011;QC INSPECT,,,,DC DC CONVERTER 2.5-15V 38W,,,,6.45000,,
,LP16-04-MP-E-1D07M-001,,CNLINKO,70.000,,US2509080000009;ATX41R,,,,LP16-04-MP-E-1D07M-001,,,,3.29000,,
,LP-16-C/RJ45/015/PE-42-001,,CNLINKO,50.000,,US2509180000037;ATX41R,,,,LP-16-C/RJ45/015/PE-42-001,,,,1.26000,,
,LP-16-C/RJ45/015/PE-42-001,,CNLINKO,4.000,,US2506050000014;ATX41R,,,,LP-16-C/RJ45/015/PE-42-001,,,,1.53000,,
,LP-16-C04PE-02-001,,CNLINKO,1000.000,,US2510060000018;ATX41R,,,,LP-16-C04PE-02-001,,,,1.85000,,
,LP-16-C08SX-02-101,,CNLINKO,415.000,,US2506050000015;ATX41R,,,,LP-16-C08SX-02-101,,,,1.30000,,
,LP-16-J/RJ45/112/SX-02-171,,CNLINKO,850.000,,US2509180000034;ATX33L,,,,"RJ45 Panel Mount Connector, Custom, CNLI",,,,2.47000,,
,LP-16-J/RJ45/112/SX-02-171,,CNLINKO,2000.000,,US2511240000032;ATX33L,,,,"RJ45 Panel Mount Connector, Custom, CNLI",,,,2.47000,,
,LP-16-J08PE-02-001,,CNLINKO,240.000,,US2506060000004;ATX51L,,,,8-Pin Connector,,,,2.00000,,
,LP-16-J08PE-02-001,,CNLINKO,3740.000,,US2506050000008;ATX51L,,,,8-Pin Connector,,,,2.00000,,
,LP16-RJ45-FS-MRJ- 0D225M-001,,CNLINKO,200.000,,US2503270000011;ATX41R,,,,"RJ45 Panel Mount Connector, Custom, CNLI",,,,3.05000,,
,LP16-RJ45-FS-MRJ-0D225M-001,,CNLINKO,500.000,,US2506110000022;F07A01,,,,LP16-RJ45-FS-MRJ-0D225M-001,,,,3.05000,,
,LP16-RJ45-FS-MRJ-0D225M-001,,CNLINKO,150.000,,US2506060000007;F07A01,,,,LP16-RJ45-FS-MRJ-0D225M-001,,,,3.05000,,
,LP16-RJ45-FS-MRJ-0D225M-001,,CNLINKO,1150.000,,US2506050000010;F07A01,,,,LP16-RJ45-FS-MRJ-0D225M-001,,,,3.05000,,
,LP16-RJ45-FS-MRJ-0D225M-002,,CNLINKO,1200.000,,US2511240000030;ATX33L,,,,LP16-RJ45-FS-MRJ-0D225M-002,,,,3.57000,,
,LP16-RJ45-MP-MP-2M- 001,,CNLINKO,320.000,,US2503270000010;ATX41L,,,,"8-Pin Panel Mount Connector, CNLinko, Ma",,,,4.65000,,
,LP16-RJ45-MP-MP-2M-001,,CNLINKO,500.000,,US2511240000031;ATX71L,,,,CNLinko LP-16 RJ45 to CNLinko LP-16 RJ45,,,,4.65000,,
,LP16-TYPEC20-MP-FP-1M-001,,CNLINKO,545.000,,US2506110000024;A02E01,,,,LP16-TYPEC20-MP-FP-1M-001,,,,6.83000,,
,LP16-TYPEC20-MP-FS-0D3M-001,,CNLINKO,50.000,,US2510090000011;ATX41R,,,,LP16-TYPEC20-MP-FS-0D3M-001,,,,8.35000,,
,LP16-TYPEC20-MP-MP-2M-001,,CNLINKO,50.000,,US2510090000010;ATX41R,,,,LP16-TYPEC20-MP-MP-2M-001,,,,8.68000,,
,LP16-TYPEC-FS-MTC-0D225M-001,,CNLINKO,2190.000,,US2507310007-01;ATX51L,,,,LP16-TYPEC-FS-MTC-0D225M-001,,,,7.47000,,
,LP16-TYPEC-FS-MTC-0D225M-001,,CNLINKO,1925.000,,US2507310007-02;ATX33L,,,,LP16-TYPEC-FS-MTC-0D225M-001,,,,7.47000,,
,LP16-TYPEC-FS-MTC-0D225M-001,,CNLINKO,1000.000,,US2507310000009;ATX41R,,,,LP16-TYPEC-FS-MTC-0D225M-001,,,,7.47000,,
,LP16-TYPEC-FS-MTC-0D225M-002,,CNLINKO,2730.000,,US2507310000011;ATX41R,,,,LP16-TYPEC-FS-MTC- 0D225M-002 (GREEN),,,,7.47000,,
,LP16-TYPEC-FS-MTC-0D225M-002,,CNLINKO,200.000,,US2509180000035;ATX33L,,,,LP16-TYPEC-FS-MTC- 0D225M-002 (GREEN),,,,7.47000,,
,LP16-TYPEC-MP-MP-1M-004,,CNLINKO,100.000,,US2506050000011;ATX33L,,,,LP16-TYPEC-MP-MP-1M-004,,,,10.24000,,
,LP16-TYPEC-MP-MP-1M-004,,CNLINKO,980.000,,US2507310000010;QC INSPECT,,,,LP16-TYPEC-MP-MP-1M-004,,,,10.24000,,
,LP20-03-MP-MP-0D5M-001,,CNLINKO,100.000,,US2511240000033;ATX41L,,,,.,,,,8.35000,,
,LP20-03-MP-MP-0D5M-001,,CNLINKO,100.000,,US2511200000009;ATX41L,,,,.,,,,8.35000,,
,LP20-03-MP-MP-1M-002,,CNLINKO,200.000,,US2511200000010;ATX41L,,,,.,,,,9.34000,,
,LSI20320IE,,Lsi Logic,1.000,,US2602170000005;QC INSPECT,,,,LSI20320IE,,,,299.99000,,
,LSP10120S,,Littlefuse Inc,920.000,,US2601300031-01;ATX34R,,,,LED Protection Devices 120V 10kA IP66 Se,,,,14.14547,,
,LSP10120S,,Littlefuse Inc,1080.000,,US2601300031-02;ATX34L,,,,LED Protection Devices 120V 10kA IP66 Se,,,,14.14547,,
,LSP10240LLS,,Littlefuse Inc,504.000,,US2601300000032;ATX34R,,,,SPD TYPE 2 275VAC MCOV 1 POLE,,,,14.14547,,
,M23636G-16,,Macom,17.000,,US2601230000021;QC INSPECT,,,,BGA 36X36 ASYNC CROSSPOINT,,,,82.60000,,
,M39003/09-2082,,Vishay,22.000,,US2508260000023;DSQR2,,,,"CAPACITOR,FIXED,ELCTLT",,,,43.48000,,
,M39014/05-2019,,Kemet Electronics Corp,100.000,,US2508220000023;DSQR,,,,"CAPACITOR,FIXED,CER DIEL",,,,1.77000,,
,M39014/05-2037,,Kemet Electronics Corp,200.000,,US2508220000025;DSQR1,,,,"CAPACITOR,FIXED,CER DIEL",,,,1.77000,,
,M39014/05-2037,,Kemet Electronics Corp,12.000,,US2508260000021;DSQR1,,,,"CAPACITOR,FIXED,CER DIEL",,,,1.75400,,
,M393A2K43DB3-CWE,,Samsung,14.000,,US2601280000019;QC INSPECT,,,,16GB DDR4-3200 REGISTERED ECC,,,,190.00000,,
,M393A2K43DB3-CWE,,Samsung,200.000,,US2601290000050;QC INSPECT,,,,16GB DDR4-3200 REGISTERED ECC,,,,190.00000,,
,M393A2K43DB3-CWE,,Samsung,93.000,,US2601300000034;QC INSPECT,,,,16GB DDR4-3200 REGISTERED ECC,,,,190.00000,,
,M393A2K43DB3-CWE,,Samsung,634.000,,US2602020000090;QC INSPECT,,,,16GB DDR4-3200 REGISTERED ECC,,,,190.00000,,
,M4A5-32/32-10JNC,,Lattice Semiconductor Corp,432.000,,US2510310000009;Q18,,,,LTB (LT-BUY) PAL CPLD 5V 44 PIN PLCCM4A5,,,,14.50000,,
,M7793/1-005,,L3,36.000,,US2602160000010;QC INSPECT,,,,"METER,TIME TOTALIZER",,,,2195.00000,,
,M902-ACS3843 S2S,,Aeroflex Metelics,8.000,,US2509250000031;ATX12L,,,,INSUL EPDM SHEET 36 X 48 X 3/8 LOW,,,,29.04000,,
,M902-ACS3843 S2S,,Aeroflex Metelics,7.000,,US2510200000025;ATX12L,,,,INSUL EPDM SHEET 36 X 48 X 3/8 LOW,,,,29.04000,,
,MATRICE 350 RTK 2110S PROPELLE,,Dji,103.000,,US2512040000018;STOCK,,,,MATRICE 350 RTK 2110S PROPELLERS (PAIR),,,,54.00000,,
,MATRICE 350 RTK 2110S PROPELLE,,Dji,12.000,,US2512110000021;STOCK,,,,MATRICE 350 RTK 2110S PROPELLERS (PAIR),,,,54.00000,,
,MB10S,,SMC Diode Solutions Co Ltd,6000.000,,US2502120000014;F04F04,,,,Chip Diode Bridge Rec 1000v 500ma To-269,,,,0.03501,,
,MB10S,,SMC Diode Solutions Co Ltd,24000.000,,US2503280000006;F04F04,,,,Chip Diode Bridge Rec 1000v 500ma To-269,,,,0.03501,,
,MGA-62563-TR1G,,Avago Technologies,3.000,,US2510280000015;QC INSPECT,,,,"IC,RF,AMP, LOW NOISE SOT363,0.9db @ 500m",,,,5.71000,,
,MGA-62563-TR2G,,Broadcom Inc,3.000,,US2510280000016;QC INSPECT,,,,IC AMP W-CDMA 100MHZ-3GHZ SOT363,,,,5.71000,,
,MKP1839410161R,,Vishay,1500.000,,US2602160000014;QC INSPECT,,,,"0.1uF,100V@85C,1%,Polycarbonate",,,,2.12484,,
,ML1630E-SG-D-LT,,L3,4.000,,US2512150000012;DSQR,,,,"Bench Power Supply, Programmable, 1 Outp",,,,150.00000,,
,ML1630E-SG-D-LT,,L3,25.000,,US2512110000016;DSQR,,,,"Bench Power Supply, Programmable, 1 Outp",,,,150.00000,,
,MP03332,,Golledge,4.000,,US2602180000020;QC INSPECT,,,,125.0MHz MCSO1HV/TCE 3.3V Oscillator,,,,93.25500,,
,MPC8245LVV333D,,NXP Semiconductors,1.000,,US2507310000003;Q4,,,,"RoHS,IC,MICROCONTROLLER,64BIT",,,,205.00000,,
,MPH-24363AMG1-49,,"Air Filters, Inc.",6.000,,US2602160000003;ATX51L,,,,"HEPA FILTER, PARTICLE, 24""X36""X3"",UMP T",,,,359.00000,,
,MS27216-5,,Honeywell International,10.000,,US2508270000013;DSQR1,,,,"SWITCH,VAR ,SPDT,HIGH",,,,490.00000,,
,MS35338-102,,WCL,90.000,,US2512010000021;STOCK,,,,"SPLIT-LOCK WASHER 5/16, PHOSPHOR/BRONZ",,,,0.00000,,
,MT40A512M16TD-062E AUT:R,,Micron Technology Inc,200.000,,US2602200000032;QC INSPECT,,,,"MICRON - MT40A512M16TB-062E:R - DRAM, DD",,,,49.79940,,
,MT41K1G8TRF-125:E,,Micron Technology Inc,60.000,,US2512170000008;MRR,,,,DDR DRAM 1Gx8 0.225ns CMOS Pbg,,,,40.00000,,
,MTA18ASF2G72PDZ-3G2R1,,Micron Technology Inc,85.000,,US2512230000004;LSQ,,,,MODULE DDR4 SDRAM 16GB 288RDIMM,,,,119.59765,,
,MTA18ASF2G72PDZ-3G2R1 Service,,Charge,85.000,,US2512190000057;QC INSPECT,,,,Testing/service of MTA18ASF2G72PDZ-3G2R1,,,,42.57850,,
,MTA18ASF2G72PDZ-3G2R1 Service,,Charge,1.000,,US2512100000027;QC INSPECT,,,,Testing/service of MTA18ASF2G72PDZ-3G2R1,,,,44.59770,,
,MVI56-DFCM,,Pro Soft Technology,1.000,,US2411110000005;Q1,,,,"MVI56-DFCM-NFD COMMUNICATION MODULE, DF1",,,,0.00000,,
,NH82546GB,,Intel Corp,21.000,,US2601290000013;VOS10,,,,Ethernet CTLR Single Chip,,,,210.00000,,
,NLSV4T244MUTAG,,On Semiconductor,18000.000,,US2509090000010;F03F04,,,,"IC, Level_Xlator, 4Bit, NLSV4T244,",,,,0.64500,,
,NLVVHC1G32DFT2G,,On Semiconductor,108000.000,,US2511040000018;F05D01,,,,"OR GATE, 2 I/P, -55 TO 125DEG C",,,,0.14300,,
,NRE,,Charge,1.000,,US2506300000030;STOCK,,,,NRE charge,,,,1859.20000,,
,NTHS0603N01N1003JR,,Vishay Intertechnology Inc,1600.000,,US2601090000004;QC INSPECT,,,,"RESISTOR, TEMPERATURE DEPENDENT",,,,0.20500,,
,OPA209AIDBVR,,Texas Instruments,1.000,,US2602020000064;QC INSPECT,,,,Precision Amplifiers 2.2nV/rtHz 18MHz,,,,5.75000,,
,OPA209AIDBVR Service,,Charge,999.000,,US2602190000038;QC INSPECT,,,,Testing for OPA209AIDBVR,,,,0.17000,,
,OPA330AIYFFR,,Texas Instruments,6000.000,,US2507020000027;SLS01,,,,IC OPAMP CHOPPER 350KHZ 5DSBGA,,,,0.27000,,
,OPA330AIYFFR,,Texas Instruments,6000.000,,US2509020000005;SLS01,,,,IC OPAMP CHOPPER 350KHZ 5DSBGA,,,,0.23000,,
,OPA330AIYFFR,,Texas Instruments,5998.000,,US2509020000006;SLS01,,,,IC OPAMP CHOPPER 350KHZ 5DSBGA,,,,0.23000,,
,PATT0603E49R9BGT1,,Vishay Semiconductors,778.000,,US2408290000033;LAM7.11.21,,2303,,"RES,0603,THIN FILM,0.1%,0.15W,49.9",,,,0.00000,,
,PC6-BL-01-EZ,,Generic,2.000,,US2507290000023;SLS06,,,,PC6-BL-01-EZ,,,,0.00000,,
,"PDZ9.1B,115",,Nexperia,24000.000,,US2511060000024;Q16,,,,"DIODE, ZENER, 9.1V, 0.4W, SOD323",,,,0.02390,,
,PESD5V0F1BL-Q,,Nexperia,210000.000,,US2511190000025;F05B01,,,,TVS DIODE 5.5VWM 15VC DFN10062,,,,0.34500,,
,PLT0805Z2502AST5,,Vishay,249.000,,US2408290000032;LAM7.11.22,,2239,,"RES,0805,TF,0.25W,0.05%,25K ROHS",,,,0.00000,,
,PMEG4010ETR,,Nexperia,57000.000,,US2510270029-01;F05D01,,,,DIODE SCHOTTKY 40V 1A SOD123W,,,,0.50000,,
,PMEG4010ETR-Q,,Nexperia,240000.000,,US2510270000030;F05B02,,,,DIODE SCHOTTKY 40V 1A SOD123W,,,,0.50000,,
,POE-SW508G,,Linovision,12.000,,US2506030000016;ATX71L,,,,POE-SW508G,,,,98.80000,,
,POE-SW508G,,Linovision,18.000,,US2505280000010;ATX71L,,,,POE-SW508G,,,,98.80000,,
,POE-SW508G,,Linovision,11.000,,US2505230000006;ATX71L,,,,POE-SW508G,,,,89.00000,,
,POE-SW508G2,,Linovision,145.000,,US2509050010-01;ATX42L,,,,POE-SW508G2,,,,89.00000,,
,POE-SW508G2,,Linovision,160.000,,US2509050010-02;ATX42R,,,,POE-SW508G2,,,,89.00000,,
,PT-PSE107GRO-A,,PROCET,270.000,,US2601120000054;LSQ,,,,PoE 60W Injector (205-00058 Rev A),,,,42.00000,,
,"PTVS20VS1UR,115",,Nexperia,48000.000,,US2510270027-01;F05B01,,,,TVS DIODE 20VWM 32.4VC SOD123W,,,,0.35286,,
,"PTVS20VS1UR,115",,Nexperia,21.000,,US2510270027-02;G01F01,,,,TVS DIODE 20VWM 32.4VC SOD123W,,,,0.00000,,
,RC PLUS 2,,Dji,20.000,,US2510280000026;ATX71L,,,,RC PLUS 2,,,,1909.00000,,
,RELY-TSN-LAB,,Relyum,7.000,,US2602180000028;DSQR,,,,15002158004 - PN RELY-TSN-LAB,,,,2028.62550,,
,RER60F4990MC02,,Vishay Dale,8.000,,US2510280000018;G01F01,,,,RES CHAS MNT 499 OHM 1% 5W,,,,0.00000,,
,RK73H2ETTD18R2F,,KOA Speer Electronics Inc,65.000,,US2405100000009;F02D04,,,,Thick Film Resistors - SMD 1/2watts 18.2,,,,0.00000,,
,SB82371SB,,Intel Corp,55.000,,US2602050000025;STOCK,,,,MICROCIRCUIT,,,,2.50000,,
,SBC846BLT1G,,On Semiconductor,222000.000,,US2510310000013;F05C03,,,,TRANS NPN 65V 0.1A SOT23-3,,,,0.29000,,
,SBC846BLT1G,,On Semiconductor,258000.000,,US2511030000040;F05D02,,,,TRANS NPN 65V 0.1A SOT23-3,,,,0.01200,,
,SBC846BLT1G,,On Semiconductor,36000.000,,US2510270000034;SLS03,,,,TRANS NPN 65V 0.1A SOT23-3,,,,0.03370,,
,SBC846BLT3G,,On Semiconductor,60000.000,,US2510270000028;F05B01,,,,TRANS NPN 65V 0.1A SOT23-3,,,,0.01630,,
,SC22160500-14-025P2,,Generic,25.000,,US2509180000031;F04B02,,,,"SCREW, SOCKET HEAD, M16 X 2 X 50",,,,0.00000,,
,SCC4439M1-B,,MK Magnetics,11.000,,US2601120000072;DSQR,,,,"CORE, ELECTROMAGNET - INPUT",,,,718.00000,,
,SFC3.3-4TC,,Semtech,94.000,,US2505190000022;G03E03,,,,"DIODE ARRAY, TRANSIENT",,,,1.00000,,
,SHIPPING,,Charge,2.000,,US2601150000037;STOCK,,,,SHIPPING,,,,328.00000,,
,SHIPPING FEE,,Charge,1.000,,US2602050000019;QC INSPECT,,,,SHIPPING FEE,,,,954.12000,,
,SHIPPING FEE,,Charge,1.000,,US2602050000020;QC INSPECT,,,,SHIPPING FEE,,,,2654.27000,,
,SHIPPING FEE,,Charge,1.000,,US2602050000021;QC INSPECT,,,,SHIPPING FEE,,,,2856.34000,,
,SMCJ58CA,,Fairchild,2714.000,,US2503190000044;F04C01,,,,TRANSZORB SMCJ58CA,,,,0.00000,,
,SMV-R100-1.0-PW,,Isotek,50.000,,US2602190000040;QC INSPECT,,,,SMV-R100-1.0-PW,,,,131.66000,,
,SN74LVC1G17DCKR,,Texas Instruments,15000.000,,US2511260000020;DSQR,,,,"IC BUFFER, SINGLE, SOT-323, 1 BIT",,,,0.03400,,
,SNF476,,Factored Manufacturer,8.000,,US2601150000032;F07D01,,,,"SENSOR ASSY, ECM, H2 WITH RELAY",,,,1650.00000,,
,SNF476,,Factored Manufacturer,10.000,,US2602020000080;F07D01,,,,"SENSOR ASSY, ECM, H2 WITH RELAY",,,,1567.50000,,
,SNF476,,Factored Manufacturer,18.000,,US2602180000024;QC INSPECT,,,,"SENSOR ASSY, ECM, H2 WITH RELAY",,,,1567.50000,,
,ST16C654IJ68TR-F,,Exar,21.000,,US2510090000030;Q13,,,,IC QUAD UART 68PLCC IND TEMP,,,,59.00000,,
,ST3300657FC,,Seagate,40.000,,US2601140000022;Q25,,,,"HARD DRIVE, 300GB, 15K, FC, 3.5 3H",,,,47.50000,,
,SZMMBZ18VALT1G,,On Semiconductor,24000.000,,US2511030000039;F05D01,,,,DIODE ZENER ARRAY 18V SOT-23-3,,,,0.03800,,
,SZMMBZ18VALT1G,,On Semiconductor,3000.000,,US2511040000015;F05D01,,,,DIODE ZENER ARRAY 18V SOT-23-3,,,,0.03380,,
,SZMMBZ18VALT1G,,On Semiconductor,105000.000,,US2511030000038;Q9,,,,DIODE ZENER ARRAY 18V SOT-23-3,,,,0.01500,,
,T-188-1-1-00500,,Kapton,66000.000,,US2510060000011;ATX23L,,,,IC OPAMP GP 2 CIRCUIT 8SO,,,,0.00000,,
,T279740S,,ACME,4.000,,US2512310000029;F06A01,,,,277 V Transformer ACME T279740S,,,,0.00000,,
,T525D687M003ATE025,,Kemet Electronics Corp,500.000,,US2508250000030;DSQR1,,,,"CAPACITOR, SMT, TANTALUM,",,,,1.53506,,
,TARIFF,,Charge,1.000,,US2601200000004;QC INSPECT,,,,TARIFF,,,,437.40000,,
,TARIFF,,Charge,1.000,,US2511100000046;QC INSPECT,,,,TARIFF,,,,128.47000,,
,TARIFF,,Charge,1.000,,US2511060000029;QC INSPECT,,,,TARIFF,,,,67.49000,,
,TARIFF,,Charge,1.000,,US2511040000019;QC INSPECT,,,,TARIFF,,,,174.29000,,
,TARIFF,,Charge,1.000,,US2602200000033;QC INSPECT,,,,TARIFF,,,,1892.38000,,
,TARIFF,,Charge,1.000,,US2510240000014;QC INSPECT,,,,TARIFF,,,,9072.22000,,
,TARIFF,,Charge,1.000,,US2510080000004;QC INSPECT,,,,TARIFF,,,,285.60000,,
,TARIFF,,Charge,1.000,,US2508250000031;QC INSPECT,,,,TARIFF,,,,130.48000,,
,TARIFF,,Charge,2.000,,US2507300000004;QC INSPECT,,,,TARIFF,,,,41.26080,,
,TARIFF,,Charge,1.000,,US2510310000014;QC INSPECT,,,,TARIFF,,,,11100.00000,,
,TARIFF,,Charge,1.000,,US2507210000014;QC INSPECT,,,,TARIFF,,,,1063.46000,,
,TARIFF,,Charge,1.000,,US2507150000019;QC INSPECT,,,,TARIFF,,,,146.60000,,
,TB65,,Dji,6.000,,US2507180000030;ATX41L,,,,TB65,,,,0.00000,,
,TET-1553-2-78-LF,,CINCH CONNECTIVITY SOLUTIONS,18.000,,US2511070000003;SLS06,,,,"TERMINATION, TRB PLUG, 2W, ROHS,",,,,78.45275,,
,TL-SM5310-T,,Tp Link,10.000,,US2601160000004;SLS03,,,,10GBASE-T RJ45 SFP+ MODULE,,,,44.99000,,
,TMP100MDBVREP,,Texas Instruments,646.000,,US2602090000005;QC INSPECT,,,,SENSOR DIGITAL -55C-125C SOT23-6,,,,4.69800,,
,TNPW080542K7BEEN,,Vishay,22.000,,US2512040000017;DSQR,,,,"RESISTORS, FIXED, FILM",,,,0.97600,,
,TPS630250RNCR,,Texas Instruments,15000.000,,US2511180000041;G09A03,,,,Switching Voltage Regulators Industry s,,,,0.56900,,
,TPS71501DCKR,,Texas Instruments,6000.000,,US2510020000012;SLS04,,,,IC TPS71501  LDO VOLTAGE REGUL,,,,0.13000,,
,TPS71501DCKR,,Texas Instruments,6000.000,,US2510020000013;SLS04,,,,IC TPS71501  LDO VOLTAGE REGUL,,,,0.13000,,
,TXB0104RUTR,,Texas Instruments,6000.000,,US2506260000020;SLS05,,,,IC TRANSLTR BIDIRECTIONAL 12UQFN,,,,0.09000,,
,USBVEXT-10-MM,,Nte Electronics,6.000,,US2602120000012;QC INSPECT,,,,USBVEXT-10-MM,,,,100.00000,,
,UUD1E221MNL1GS,,Nichicon Corp,500.000,,US2409180000041;F03C01,,,,CAP ALUM 220UF 20% 25V SMD,,,,0.00000,,
,V0747-75 2-330-UHP,,Parker,34.000,,US2510130000014;F04C02,,,,O-ring,,,,24.44000,,
,"VA113739P1 - (5/16"" OD)",,Ortech,62.000,,US2602160000009;QC INSPECT,,,,BALL - CERAMIC - DETENT,,,,5.20000,,
,VA113884P4,,Fralock,10.000,,US2510060000014;DSQR2,,,,HEATER - OASIS,,,,1580.00000,,
,VA113884P4,,Fralock,14.000,,US2601120000051;DSQR2,,,,HEATER - OASIS,,,,672.00000,,
,VA113884P4_REV E,,Fralock�,12.000,,US2509230000006;DSQR2,,,,HEATER - OASIS,,,,1580.00000,,
,VA124666G1,,"Watteredge, LLC",33.000,,US2509030000020;DSQR,,,,LEAD ASSEMBLY - MAIN STATOR,,,,113.30000,,
,VTX072,,VadaTech,6.000,,US2602030000013;LSQ,,,,3U VPX Backplane,,,,1387.00000,,
,VTX072,,VadaTech,4.000,,US2602060000012;LSQ,,,,3U VPX Backplane,,,,1387.00000,,
,WJLXT972MLC.A4,,Cortina Systems Inc,601.000,,US2601230000022;QC INSPECT,,,,"ETHERNET TRANSCEIVER, 1-TRNSVR,",,,,58.00000,,
,WSJ-SUS-M3,,Misumi Europe,100.000,,US2602190000044;QC INSPECT,,,,M3 WASHER JIS D3 - ID 3.3mm OD,,,,0.43000,,
,XC2V500-4FG256C,,Xilinx Inc,19.000,,US2512080000034;Q8,,,,"FPGA, 768 CLBS, 500000 GATES, 650 MHz, P",,,,35.00000,,
,XC2V500-4FG256C,,Xilinx Inc,81.000,,US2602100000009;QC INSPECT,,,,"FPGA, 768 CLBS, 500000 GATES, 650 MHz, P",,,,64.01296,,
,XC95288XL-10CS280I,,Xilinx Inc,62.000,,US2601280000020;QC INSPECT,,,,IC DGTL CPLD 288 GATE,,,,100.00000,,
,XCF16PFSG48C,,Xilinx Inc,769.000,,US2602170000001;MRR,,,,Configuration Memory 16MX1 Ser,,,,89.28810,,
,XCF16PFSG48C,,Xilinx Inc,1.000,,US2601050000005;MRR,,,,Configuration Memory 16MX1 Ser,,,,87.50000,,
,XCF32PFSG48C,,Xilinx Inc,1007.000,,US2602020000089;QC INSPECT,,,,IC PROM SRL/PAR 1.8V 32M 48CSBGA,,,,335.00000,,
,XCS20XL-4VQ100C,,Xilinx Inc,9.000,,US2509030000017;Q7,,,,"IC,FPGA,400-CELL,CMOS,TQFP,100PIN,PLASTI",,,,20.00000,,
